YEAR,Mgt_area,GEAR_CODE,WHOLE_POUNDS
1975,PWS,HAL,0
1975,PWS,POT,0
1975,PWS,TRW,0
1975,PWS,JIG,0
1975,PWS,TRL,0
1975,PWS,GNT,0
1975,PWS,UNK,0
1975,NSEI,HAL,945337
1975,NSEI,POT,38265
1975,NSEI,TRW,199
1975,NSEI,JIG,0
1975,NSEI,TRL,378
1975,NSEI,GNT,0
1975,NSEI,UNK,0
1975,SSEI,HAL,47291
1975,SSEI,POT,514921
1975,SSEI,TRW,0
1975,SSEI,JIG,0
1975,SSEI,TRL,367
1975,SSEI,GNT,0
1975,SSEI,UNK,0
1975,LOWCI,HAL,192
1975,LOWCI,POT,0
1975,LOWCI,TRW,0
1975,LOWCI,JIG,0
1975,LOWCI,TRL,0
1975,LOWCI,GNT,0
1975,LOWCI,UNK,0
1976,PWS,HAL,0
1976,PWS,POT,0
1976,PWS,TRW,0
1976,PWS,JIG,0
1976,PWS,TRL,0
1976,PWS,GNT,0
1976,PWS,UNK,0
1976,NSEI,HAL,969465
1976,NSEI,POT,782
1976,NSEI,TRW,0
1976,NSEI,JIG,0
1976,NSEI,TRL,66
1976,NSEI,GNT,0
1976,NSEI,UNK,0
1976,SSEI,HAL,56882
1976,SSEI,POT,59173
1976,SSEI,TRW,0
1976,SSEI,JIG,0
1976,SSEI,TRL,79
1976,SSEI,GNT,0
1976,SSEI,UNK,0
1976,LOWCI,HAL,0
1976,LOWCI,POT,0
1976,LOWCI,TRW,0
1976,LOWCI,JIG,0
1976,LOWCI,TRL,0
1976,LOWCI,GNT,0
1976,LOWCI,UNK,0
1977,PWS,HAL,0
1977,PWS,POT,0
1977,PWS,TRW,0
1977,PWS,JIG,0
1977,PWS,TRL,0
1977,PWS,GNT,0
1977,PWS,UNK,0
1977,NSEI,HAL,558843
1977,NSEI,POT,0
1977,NSEI,TRW,0
1977,NSEI,JIG,0
1977,NSEI,TRL,188
1977,NSEI,GNT,0
1977,NSEI,UNK,0
1977,SSEI,HAL,43758
1977,SSEI,POT,34894
1977,SSEI,TRW,0
1977,SSEI,JIG,0
1977,SSEI,TRL,0
1977,SSEI,GNT,0
1977,SSEI,UNK,0
1977,LOWCI,HAL,0
1977,LOWCI,POT,0
1977,LOWCI,TRW,0
1977,LOWCI,JIG,0
1977,LOWCI,TRL,0
1977,LOWCI,GNT,0
1977,LOWCI,UNK,0
1978,PWS,HAL,340
1978,PWS,POT,0
1978,PWS,TRW,0
1978,PWS,JIG,0
1978,PWS,TRL,0
1978,PWS,GNT,0
1978,PWS,UNK,155
1978,NSEI,HAL,788476
1978,NSEI,POT,0
1978,NSEI,TRW,0
1978,NSEI,JIG,0
1978,NSEI,TRL,47
1978,NSEI,GNT,0
1978,NSEI,UNK,0
1978,SSEI,HAL,64272
1978,SSEI,POT,149785
1978,SSEI,TRW,0
1978,SSEI,JIG,0
1978,SSEI,TRL,72
1978,SSEI,GNT,0
1978,SSEI,UNK,0
1978,LOWCI,HAL,36
1978,LOWCI,POT,0
1978,LOWCI,TRW,0
1978,LOWCI,JIG,0
1978,LOWCI,TRL,0
1978,LOWCI,GNT,0
1978,LOWCI,UNK,0
1979,PWS,HAL,1033
1979,PWS,POT,0
1979,PWS,TRW,995
1979,PWS,JIG,0
1979,PWS,TRL,0
1979,PWS,GNT,0
1979,PWS,UNK,0
1979,NSEI,HAL,1185781
1979,NSEI,POT,4505
1979,NSEI,TRW,0
1979,NSEI,JIG,0
1979,NSEI,TRL,70
1979,NSEI,GNT,0
1979,NSEI,UNK,0
1979,SSEI,HAL,169414
1979,SSEI,POT,33278
1979,SSEI,TRW,22282
1979,SSEI,JIG,0
1979,SSEI,TRL,286
1979,SSEI,GNT,0
1979,SSEI,UNK,0
1979,LOWCI,HAL,363
1979,LOWCI,POT,0
1979,LOWCI,TRW,380
1979,LOWCI,JIG,0
1979,LOWCI,TRL,0
1979,LOWCI,GNT,0
1979,LOWCI,UNK,0
1980,PWS,HAL,18546
1980,PWS,POT,0
1980,PWS,TRW,0
1980,PWS,JIG,0
1980,PWS,TRL,0
1980,PWS,GNT,0
1980,PWS,UNK,0
1980,NSEI,HAL,881391
1980,NSEI,POT,0
1980,NSEI,TRW,0
1980,NSEI,JIG,0
1980,NSEI,TRL,0
1980,NSEI,GNT,0
1980,NSEI,UNK,78
1980,SSEI,HAL,35846
1980,SSEI,POT,8287
1980,SSEI,TRW,0
1980,SSEI,JIG,195
1980,SSEI,TRL,0
1980,SSEI,GNT,0
1980,SSEI,UNK,0
1980,LOWCI,HAL,0
1980,LOWCI,POT,0
1980,LOWCI,TRW,0
1980,LOWCI,JIG,0
1980,LOWCI,TRL,0
1980,LOWCI,GNT,0
1980,LOWCI,UNK,0
1981,PWS,HAL,1452
1981,PWS,POT,0
1981,PWS,TRW,0
1981,PWS,JIG,0
1981,PWS,TRL,0
1981,PWS,GNT,0
1981,PWS,UNK,0
1981,NSEI,HAL,710108
1981,NSEI,POT,14
1981,NSEI,TRW,0
1981,NSEI,JIG,0
1981,NSEI,TRL,16
1981,NSEI,GNT,9
1981,NSEI,UNK,0
1981,SSEI,HAL,14100
1981,SSEI,POT,39432
1981,SSEI,TRW,0
1981,SSEI,JIG,0
1981,SSEI,TRL,0
1981,SSEI,GNT,0
1981,SSEI,UNK,0
1981,LOWCI,HAL,0
1981,LOWCI,POT,0
1981,LOWCI,TRW,0
1981,LOWCI,JIG,0
1981,LOWCI,TRL,0
1981,LOWCI,GNT,0
1981,LOWCI,UNK,0
1982,PWS,HAL,5014
1982,PWS,POT,0
1982,PWS,TRW,0
1982,PWS,JIG,0
1982,PWS,TRL,0
1982,PWS,GNT,0
1982,PWS,UNK,0
1982,NSEI,HAL,804004
1982,NSEI,POT,0
1982,NSEI,TRW,0
1982,NSEI,JIG,0
1982,NSEI,TRL,0
1982,NSEI,GNT,0
1982,NSEI,UNK,0
1982,SSEI,HAL,184857
1982,SSEI,POT,94334
1982,SSEI,TRW,0
1982,SSEI,JIG,0
1982,SSEI,TRL,0
1982,SSEI,GNT,39
1982,SSEI,UNK,0
1982,LOWCI,HAL,0
1982,LOWCI,POT,0
1982,LOWCI,TRW,0
1982,LOWCI,JIG,0
1982,LOWCI,TRL,0
1982,LOWCI,GNT,0
1982,LOWCI,UNK,0
1983,PWS,HAL,13432
1983,PWS,POT,0
1983,PWS,TRW,0
1983,PWS,JIG,0
1983,PWS,TRL,0
1983,PWS,GNT,0
1983,PWS,UNK,0
1983,NSEI,HAL,1165857
1983,NSEI,POT,0
1983,NSEI,TRW,0
1983,NSEI,JIG,0
1983,NSEI,TRL,14
1983,NSEI,GNT,0
1983,NSEI,UNK,0
1983,SSEI,HAL,70880
1983,SSEI,POT,483
1983,SSEI,TRW,0
1983,SSEI,JIG,0
1983,SSEI,TRL,0
1983,SSEI,GNT,0
1983,SSEI,UNK,0
1983,LOWCI,HAL,326
1983,LOWCI,POT,0
1983,LOWCI,TRW,0
1983,LOWCI,JIG,0
1983,LOWCI,TRL,315
1983,LOWCI,GNT,0
1983,LOWCI,UNK,0
1984,PWS,HAL,203084
1984,PWS,POT,3220
1984,PWS,TRW,0
1984,PWS,JIG,0
1984,PWS,TRL,0
1984,PWS,GNT,0
1984,PWS,UNK,0
1984,NSEI,HAL,1328827
1984,NSEI,POT,0
1984,NSEI,TRW,0
1984,NSEI,JIG,0
1984,NSEI,TRL,245
1984,NSEI,GNT,0
1984,NSEI,UNK,0
1984,SSEI,HAL,137807
1984,SSEI,POT,62776
1984,SSEI,TRW,0
1984,SSEI,JIG,0
1984,SSEI,TRL,0
1984,SSEI,GNT,0
1984,SSEI,UNK,0
1984,LOWCI,HAL,3056
1984,LOWCI,POT,0
1984,LOWCI,TRW,0
1984,LOWCI,JIG,0
1984,LOWCI,TRL,0
1984,LOWCI,GNT,0
1984,LOWCI,UNK,0
1985,PWS,HAL,480621
1985,PWS,POT,26177
1985,PWS,TRW,103
1985,PWS,JIG,0
1985,PWS,TRL,0
1985,PWS,GNT,0
1985,PWS,UNK,0
1985,NSEI,HAL,3091680
1985,NSEI,POT,0
1985,NSEI,TRW,0
1985,NSEI,JIG,0
1985,NSEI,TRL,0
1985,NSEI,GNT,0
1985,NSEI,UNK,5982
1985,SSEI,HAL,578788
1985,SSEI,POT,36751
1985,SSEI,TRW,3934
1985,SSEI,JIG,0
1985,SSEI,TRL,0
1985,SSEI,GNT,0
1985,SSEI,UNK,0
1985,LOWCI,HAL,0
1985,LOWCI,POT,0
1985,LOWCI,TRW,0
1985,LOWCI,JIG,0
1985,LOWCI,TRL,0
1985,LOWCI,GNT,0
1985,LOWCI,UNK,0
1986,PWS,HAL,253802
1986,PWS,POT,0
1986,PWS,TRW,0
1986,PWS,JIG,0
1986,PWS,TRL,0
1986,PWS,GNT,0
1986,PWS,UNK,0
1986,NSEI,HAL,4179554
1986,NSEI,POT,0
1986,NSEI,TRW,0
1986,NSEI,JIG,0
1986,NSEI,TRL,0
1986,NSEI,GNT,0
1986,NSEI,UNK,0
1986,SSEI,HAL,747864
1986,SSEI,POT,43382
1986,SSEI,TRW,0
1986,SSEI,JIG,0
1986,SSEI,TRL,0
1986,SSEI,GNT,0
1986,SSEI,UNK,0
1986,LOWCI,HAL,0
1986,LOWCI,POT,0
1986,LOWCI,TRW,0
1986,LOWCI,JIG,0
1986,LOWCI,TRL,0
1986,LOWCI,GNT,0
1986,LOWCI,UNK,0
1987,PWS,HAL,200964
1987,PWS,POT,0
1987,PWS,TRW,0
1987,PWS,JIG,0
1987,PWS,TRL,0
1987,PWS,GNT,0
1987,PWS,UNK,0
1987,NSEI,HAL,3950758
1987,NSEI,POT,0
1987,NSEI,TRW,0
1987,NSEI,JIG,0
1987,NSEI,TRL,0
1987,NSEI,GNT,0
1987,NSEI,UNK,0
1987,SSEI,HAL,521174
1987,SSEI,POT,8461
1987,SSEI,TRW,0
1987,SSEI,JIG,0
1987,SSEI,TRL,0
1987,SSEI,GNT,0
1987,SSEI,UNK,0
1987,LOWCI,HAL,0
1987,LOWCI,POT,0
1987,LOWCI,TRW,0
1987,LOWCI,JIG,0
1987,LOWCI,TRL,0
1987,LOWCI,GNT,0
1987,LOWCI,UNK,0
1988,PWS,HAL,247378
1988,PWS,POT,0
1988,PWS,TRW,0
1988,PWS,JIG,0
1988,PWS,TRL,0
1988,PWS,GNT,0
1988,PWS,UNK,0
1988,NSEI,HAL,4248783
1988,NSEI,POT,0
1988,NSEI,TRW,0
1988,NSEI,JIG,0
1988,NSEI,TRL,0
1988,NSEI,GNT,0
1988,NSEI,UNK,0
1988,SSEI,HAL,749166
1988,SSEI,POT,18796
1988,SSEI,TRW,0
1988,SSEI,JIG,0
1988,SSEI,TRL,0
1988,SSEI,GNT,0
1988,SSEI,UNK,0
1988,LOWCI,HAL,0
1988,LOWCI,POT,0
1988,LOWCI,TRW,0
1988,LOWCI,JIG,0
1988,LOWCI,TRL,0
1988,LOWCI,GNT,0
1988,LOWCI,UNK,0
1989,PWS,HAL,187275
1989,PWS,POT,0
1989,PWS,TRW,1357
1989,PWS,JIG,621
1989,PWS,TRL,0
1989,PWS,GNT,0
1989,PWS,UNK,0
1989,NSEI,HAL,3788690
1989,NSEI,POT,0
1989,NSEI,TRW,0
1989,NSEI,JIG,0
1989,NSEI,TRL,0
1989,NSEI,GNT,0
1989,NSEI,UNK,0
1989,SSEI,HAL,966723
1989,SSEI,POT,10858
1989,SSEI,TRW,0
1989,SSEI,JIG,0
1989,SSEI,TRL,0
1989,SSEI,GNT,0
1989,SSEI,UNK,0
1989,LOWCI,HAL,0
1989,LOWCI,POT,0
1989,LOWCI,TRW,0
1989,LOWCI,JIG,0
1989,LOWCI,TRL,0
1989,LOWCI,GNT,0
1989,LOWCI,UNK,0
1990,PWS,HAL,196530
1990,PWS,POT,56
1990,PWS,TRW,11340
1990,PWS,JIG,8790
1990,PWS,TRL,0
1990,PWS,GNT,0
1990,PWS,UNK,0
1990,NSEI,HAL,3345485
1990,NSEI,POT,0
1990,NSEI,TRW,0
1990,NSEI,JIG,0
1990,NSEI,TRL,0
1990,NSEI,GNT,0
1990,NSEI,UNK,0
1990,SSEI,HAL,774057
1990,SSEI,POT,0
1990,SSEI,TRW,0
1990,SSEI,JIG,0
1990,SSEI,TRL,0
1990,SSEI,GNT,0
1990,SSEI,UNK,0
1990,LOWCI,HAL,0
1990,LOWCI,POT,0
1990,LOWCI,TRW,0
1990,LOWCI,JIG,0
1990,LOWCI,TRL,0
1990,LOWCI,GNT,0
1990,LOWCI,UNK,0
1991,PWS,HAL,347706
1991,PWS,POT,0
1991,PWS,TRW,2942
1991,PWS,JIG,0
1991,PWS,TRL,0
1991,PWS,GNT,0
1991,PWS,UNK,0
1991,NSEI,HAL,3988220
1991,NSEI,POT,0
1991,NSEI,TRW,0
1991,NSEI,JIG,0
1991,NSEI,TRL,0
1991,NSEI,GNT,0
1991,NSEI,UNK,0
1991,SSEI,HAL,729382
1991,SSEI,POT,1065
1991,SSEI,TRW,0
1991,SSEI,JIG,0
1991,SSEI,TRL,0
1991,SSEI,GNT,0
1991,SSEI,UNK,0
1991,LOWCI,HAL,0
1991,LOWCI,POT,0
1991,LOWCI,TRW,0
1991,LOWCI,JIG,0
1991,LOWCI,TRL,0
1991,LOWCI,GNT,0
1991,LOWCI,UNK,0
1992,PWS,HAL,464548
1992,PWS,POT,1322
1992,PWS,TRW,0
1992,PWS,JIG,0
1992,PWS,TRL,0
1992,PWS,GNT,0
1992,PWS,UNK,0
1992,NSEI,HAL,4324501
1992,NSEI,POT,0
1992,NSEI,TRW,0
1992,NSEI,JIG,0
1992,NSEI,TRL,0
1992,NSEI,GNT,0
1992,NSEI,UNK,0
1992,SSEI,HAL,955374
1992,SSEI,POT,4372
1992,SSEI,TRW,0
1992,SSEI,JIG,0
1992,SSEI,TRL,0
1992,SSEI,GNT,0
1992,SSEI,UNK,0
1992,LOWCI,HAL,0
1992,LOWCI,POT,0
1992,LOWCI,TRW,0
1992,LOWCI,JIG,0
1992,LOWCI,TRL,0
1992,LOWCI,GNT,0
1992,LOWCI,UNK,0
1993,PWS,HAL,391554
1993,PWS,POT,0
1993,PWS,TRW,0
1993,PWS,JIG,0
1993,PWS,TRL,5
1993,PWS,GNT,0
1993,PWS,UNK,0
1993,NSEI,HAL,5833463
1993,NSEI,POT,0
1993,NSEI,TRW,0
1993,NSEI,JIG,0
1993,NSEI,TRL,0
1993,NSEI,GNT,0
1993,NSEI,UNK,0
1993,SSEI,HAL,873268
1993,SSEI,POT,0
1993,SSEI,TRW,0
1993,SSEI,JIG,0
1993,SSEI,TRL,0
1993,SSEI,GNT,0
1993,SSEI,UNK,0
1993,LOWCI,HAL,0
1993,LOWCI,POT,0
1993,LOWCI,TRW,0
1993,LOWCI,JIG,0
1993,LOWCI,TRL,0
1993,LOWCI,GNT,0
1993,LOWCI,UNK,0
1994,PWS,HAL,340307
1994,PWS,POT,0
1994,PWS,TRW,753
1994,PWS,JIG,0
1994,PWS,TRL,0
1994,PWS,GNT,0
1994,PWS,UNK,0
1994,NSEI,HAL,4743147
1994,NSEI,POT,0
1994,NSEI,TRW,0
1994,NSEI,JIG,0
1994,NSEI,TRL,0
1994,NSEI,GNT,0
1994,NSEI,UNK,0
1994,SSEI,HAL,900301
1994,SSEI,POT,0
1994,SSEI,TRW,0
1994,SSEI,JIG,0
1994,SSEI,TRL,0
1994,SSEI,GNT,0
1994,SSEI,UNK,0
1994,LOWCI,HAL,0
1994,LOWCI,POT,0
1994,LOWCI,TRW,0
1994,LOWCI,JIG,0
1994,LOWCI,TRL,0
1994,LOWCI,GNT,0
1994,LOWCI,UNK,0
1995,PWS,HAL,576712
1995,PWS,POT,0
1995,PWS,TRW,610
1995,PWS,JIG,0
1995,PWS,TRL,0
1995,PWS,GNT,0
1995,PWS,UNK,0
1995,NSEI,HAL,4596456
1995,NSEI,POT,0
1995,NSEI,TRW,0
1995,NSEI,JIG,0
1995,NSEI,TRL,0
1995,NSEI,GNT,0
1995,NSEI,UNK,0
1995,SSEI,HAL,690156
1995,SSEI,POT,0
1995,SSEI,TRW,0
1995,SSEI,JIG,0
1995,SSEI,TRL,0
1995,SSEI,GNT,0
1995,SSEI,UNK,0
1995,LOWCI,HAL,0
1995,LOWCI,POT,0
1995,LOWCI,TRW,0
1995,LOWCI,JIG,0
1995,LOWCI,TRL,0
1995,LOWCI,GNT,0
1995,LOWCI,UNK,0
1996,PWS,HAL,290602
1996,PWS,POT,422
1996,PWS,TRW,367
1996,PWS,JIG,0
1996,PWS,TRL,0
1996,PWS,GNT,0
1996,PWS,UNK,0
1996,NSEI,HAL,4733102
1996,NSEI,POT,0
1996,NSEI,TRW,0
1996,NSEI,JIG,0
1996,NSEI,TRL,0
1996,NSEI,GNT,0
1996,NSEI,UNK,0
1996,SSEI,HAL,548473
1996,SSEI,POT,0
1996,SSEI,TRW,0
1996,SSEI,JIG,0
1996,SSEI,TRL,0
1996,SSEI,GNT,0
1996,SSEI,UNK,0
1996,LOWCI,HAL,0
1996,LOWCI,POT,0
1996,LOWCI,TRW,0
1996,LOWCI,JIG,0
1996,LOWCI,TRL,0
1996,LOWCI,GNT,0
1996,LOWCI,UNK,0
1997,PWS,HAL,207327
1997,PWS,POT,0
1997,PWS,TRW,1044
1997,PWS,JIG,0
1997,PWS,TRL,0
1997,PWS,GNT,0
1997,PWS,UNK,0
1997,NSEI,HAL,4803349
1997,NSEI,POT,0
1997,NSEI,TRW,0
1997,NSEI,JIG,0
1997,NSEI,TRL,0
1997,NSEI,GNT,0
1997,NSEI,UNK,0
1997,SSEI,HAL,644288
1997,SSEI,POT,116279
1997,SSEI,TRW,0
1997,SSEI,JIG,0
1997,SSEI,TRL,0
1997,SSEI,GNT,0
1997,SSEI,UNK,0
1997,LOWCI,HAL,0
1997,LOWCI,POT,0
1997,LOWCI,TRW,0
1997,LOWCI,JIG,0
1997,LOWCI,TRL,0
1997,LOWCI,GNT,0
1997,LOWCI,UNK,0
1998,PWS,HAL,244691
1998,PWS,POT,0
1998,PWS,TRW,0
1998,PWS,JIG,0
1998,PWS,TRL,0
1998,PWS,GNT,0
1998,PWS,UNK,0
1998,NSEI,HAL,4769648
1998,NSEI,POT,0
1998,NSEI,TRW,0
1998,NSEI,JIG,0
1998,NSEI,TRL,0
1998,NSEI,GNT,0
1998,NSEI,UNK,0
1998,SSEI,HAL,527217
1998,SSEI,POT,81846
1998,SSEI,TRW,0
1998,SSEI,JIG,0
1998,SSEI,TRL,0
1998,SSEI,GNT,0
1998,SSEI,UNK,0
1998,LOWCI,HAL,0
1998,LOWCI,POT,0
1998,LOWCI,TRW,0
1998,LOWCI,JIG,0
1998,LOWCI,TRL,0
1998,LOWCI,GNT,0
1998,LOWCI,UNK,0
1999,PWS,HAL,211062
1999,PWS,POT,0
1999,PWS,TRW,2850
1999,PWS,JIG,0
1999,PWS,TRL,0
1999,PWS,GNT,0
1999,PWS,UNK,0
1999,NSEI,HAL,3102599
1999,NSEI,POT,0
1999,NSEI,TRW,0
1999,NSEI,JIG,0
1999,NSEI,TRL,0
1999,NSEI,GNT,0
1999,NSEI,UNK,0
1999,SSEI,HAL,599391
1999,SSEI,POT,96234
1999,SSEI,TRW,0
1999,SSEI,JIG,0
1999,SSEI,TRL,0
1999,SSEI,GNT,0
1999,SSEI,UNK,0
1999,LOWCI,HAL,0
1999,LOWCI,POT,0
1999,LOWCI,TRW,0
1999,LOWCI,JIG,0
1999,LOWCI,TRL,0
1999,LOWCI,GNT,0
1999,LOWCI,UNK,0
2000,PWS,HAL,355668
2000,PWS,POT,0
2000,PWS,TRW,844
2000,PWS,JIG,0
2000,PWS,TRL,0
2000,PWS,GNT,0
2000,PWS,UNK,0
2000,NSEI,HAL,3175733
2000,NSEI,POT,0
2000,NSEI,TRW,0
2000,NSEI,JIG,0
2000,NSEI,TRL,0
2000,NSEI,GNT,0
2000,NSEI,UNK,0
2000,SSEI,HAL,534997
2000,SSEI,POT,96287
2000,SSEI,TRW,0
2000,SSEI,JIG,0
2000,SSEI,TRL,0
2000,SSEI,GNT,0
2000,SSEI,UNK,0
2000,LOWCI,HAL,0
2000,LOWCI,POT,0
2000,LOWCI,TRW,0
2000,LOWCI,JIG,0
2000,LOWCI,TRL,0
2000,LOWCI,GNT,0
2000,LOWCI,UNK,0
2001,PWS,HAL,323910
2001,PWS,POT,0
2001,PWS,TRW,0
2001,PWS,JIG,0
2001,PWS,TRL,0
2001,PWS,GNT,0
2001,PWS,UNK,0
2001,NSEI,HAL,2260026
2001,NSEI,POT,0
2001,NSEI,TRW,0
2001,NSEI,JIG,0
2001,NSEI,TRL,0
2001,NSEI,GNT,0
2001,NSEI,UNK,0
2001,SSEI,HAL,583663
2001,SSEI,POT,96188
2001,SSEI,TRW,0
2001,SSEI,JIG,0
2001,SSEI,TRL,0
2001,SSEI,GNT,0
2001,SSEI,UNK,0
2001,LOWCI,HAL,0
2001,LOWCI,POT,0
2001,LOWCI,TRW,0
2001,LOWCI,JIG,0
2001,LOWCI,TRL,0
2001,LOWCI,GNT,0
2001,LOWCI,UNK,0
2002,PWS,HAL,329446
2002,PWS,POT,0
2002,PWS,TRW,16
2002,PWS,JIG,0
2002,PWS,TRL,0
2002,PWS,GNT,0
2002,PWS,UNK,0
2002,NSEI,HAL,2110611
2002,NSEI,POT,2690
2002,NSEI,TRW,0
2002,NSEI,JIG,0
2002,NSEI,TRL,0
2002,NSEI,GNT,0
2002,NSEI,UNK,0
2002,SSEI,HAL,590625
2002,SSEI,POT,96265
2002,SSEI,TRW,0
2002,SSEI,JIG,0
2002,SSEI,TRL,0
2002,SSEI,GNT,0
2002,SSEI,UNK,0
2002,LOWCI,HAL,0
2002,LOWCI,POT,0
2002,LOWCI,TRW,0
2002,LOWCI,JIG,0
2002,LOWCI,TRL,0
2002,LOWCI,GNT,0
2002,LOWCI,UNK,0
2003,PWS,HAL,224254
2003,PWS,POT,0
2003,PWS,TRW,0
2003,PWS,JIG,0
2003,PWS,TRL,0
2003,PWS,GNT,0
2003,PWS,UNK,0
2003,NSEI,HAL,2113653
2003,NSEI,POT,2309
2003,NSEI,TRW,0
2003,NSEI,JIG,0
2003,NSEI,TRL,0
2003,NSEI,GNT,0
2003,NSEI,UNK,0
2003,SSEI,HAL,597782
2003,SSEI,POT,99834
2003,SSEI,TRW,0
2003,SSEI,JIG,0
2003,SSEI,TRL,0
2003,SSEI,GNT,0
2003,SSEI,UNK,0
2003,LOWCI,HAL,0
2003,LOWCI,POT,0
2003,LOWCI,TRW,0
2003,LOWCI,JIG,0
2003,LOWCI,TRL,0
2003,LOWCI,GNT,0
2003,LOWCI,UNK,0
2004,PWS,HAL,235980
2004,PWS,POT,0
2004,PWS,TRW,0
2004,PWS,JIG,0
2004,PWS,TRL,0
2004,PWS,GNT,0
2004,PWS,UNK,0
2004,NSEI,HAL,2330578
2004,NSEI,POT,0
2004,NSEI,TRW,0
2004,NSEI,JIG,0
2004,NSEI,TRL,0
2004,NSEI,GNT,0
2004,NSEI,UNK,0
2004,SSEI,HAL,594886
2004,SSEI,POT,98373
2004,SSEI,TRW,0
2004,SSEI,JIG,0
2004,SSEI,TRL,0
2004,SSEI,GNT,0
2004,SSEI,UNK,0
2004,LOWCI,HAL,0
2004,LOWCI,POT,0
2004,LOWCI,TRW,0
2004,LOWCI,JIG,0
2004,LOWCI,TRL,0
2004,LOWCI,GNT,0
2004,LOWCI,UNK,0
2005,PWS,HAL,228947
2005,PWS,POT,0
2005,PWS,TRW,2
2005,PWS,JIG,0
2005,PWS,TRL,0
2005,PWS,GNT,0
2005,PWS,UNK,0
2005,NSEI,HAL,2157535
2005,NSEI,POT,0
2005,NSEI,TRW,0
2005,NSEI,JIG,0
2005,NSEI,TRL,0
2005,NSEI,GNT,0
2005,NSEI,UNK,0
2005,SSEI,HAL,541665
2005,SSEI,POT,100468
2005,SSEI,TRW,0
2005,SSEI,JIG,0
2005,SSEI,TRL,0
2005,SSEI,GNT,0
2005,SSEI,UNK,0
2005,LOWCI,HAL,0
2005,LOWCI,POT,0
2005,LOWCI,TRW,0
2005,LOWCI,JIG,0
2005,LOWCI,TRL,0
2005,LOWCI,GNT,0
2005,LOWCI,UNK,0
2006,PWS,HAL,194064
2006,PWS,POT,1406
2006,PWS,TRW,1138
2006,PWS,JIG,0
2006,PWS,TRL,0
2006,PWS,GNT,0
2006,PWS,UNK,0
2006,NSEI,HAL,2140714
2006,NSEI,POT,0
2006,NSEI,TRW,0
2006,NSEI,JIG,0
2006,NSEI,TRL,0
2006,NSEI,GNT,0
2006,NSEI,UNK,0
2006,SSEI,HAL,579845
2006,SSEI,POT,87020
2006,SSEI,TRW,0
2006,SSEI,JIG,0
2006,SSEI,TRL,0
2006,SSEI,GNT,0
2006,SSEI,UNK,0
2006,LOWCI,HAL,0
2006,LOWCI,POT,0
2006,LOWCI,TRW,0
2006,LOWCI,JIG,0
2006,LOWCI,TRL,0
2006,LOWCI,GNT,0
2006,LOWCI,UNK,0
2007,PWS,HAL,199019
2007,PWS,POT,0
2007,PWS,TRW,395
2007,PWS,JIG,0
2007,PWS,TRL,0
2007,PWS,GNT,0
2007,PWS,UNK,0
2007,NSEI,HAL,1615758
2007,NSEI,POT,0
2007,NSEI,TRW,0
2007,NSEI,JIG,0
2007,NSEI,TRL,0
2007,NSEI,GNT,0
2007,NSEI,UNK,0
2007,SSEI,HAL,571986
2007,SSEI,POT,87038
2007,SSEI,TRW,0
2007,SSEI,JIG,0
2007,SSEI,TRL,0
2007,SSEI,GNT,0
2007,SSEI,UNK,0
2007,LOWCI,HAL,0
2007,LOWCI,POT,0
2007,LOWCI,TRW,0
2007,LOWCI,JIG,0
2007,LOWCI,TRL,0
2007,LOWCI,GNT,0
2007,LOWCI,UNK,0
2008,PWS,HAL,206418
2008,PWS,POT,0
2008,PWS,TRW,877
2008,PWS,JIG,0
2008,PWS,TRL,0
2008,PWS,GNT,0
2008,PWS,UNK,0
2008,NSEI,HAL,1634900
2008,NSEI,POT,0
2008,NSEI,TRW,0
2008,NSEI,JIG,0
2008,NSEI,TRL,0
2008,NSEI,GNT,0
2008,NSEI,UNK,0
2008,SSEI,HAL,571105
2008,SSEI,POT,86166
2008,SSEI,TRW,0
2008,SSEI,JIG,0
2008,SSEI,TRL,0
2008,SSEI,GNT,0
2008,SSEI,UNK,0
2008,LOWCI,HAL,0
2008,LOWCI,POT,0
2008,LOWCI,TRW,0
2008,LOWCI,JIG,0
2008,LOWCI,TRL,0
2008,LOWCI,GNT,0
2008,LOWCI,UNK,0
2009,PWS,HAL,216743
2009,PWS,POT,0
2009,PWS,TRW,3240
2009,PWS,JIG,0
2009,PWS,TRL,0
2009,PWS,GNT,0
2009,PWS,UNK,0
2009,NSEI,HAL,1192227
2009,NSEI,POT,0
2009,NSEI,TRW,0
2009,NSEI,JIG,0
2009,NSEI,TRL,0
2009,NSEI,GNT,0
2009,NSEI,UNK,0
2009,SSEI,HAL,556883
2009,SSEI,POT,70214
2009,SSEI,TRW,0
2009,SSEI,JIG,0
2009,SSEI,TRL,0
2009,SSEI,GNT,0
2009,SSEI,UNK,0
2009,LOWCI,HAL,0
2009,LOWCI,POT,0
2009,LOWCI,TRW,0
2009,LOWCI,JIG,0
2009,LOWCI,TRL,0
2009,LOWCI,GNT,0
2009,LOWCI,UNK,0
2010,PWS,HAL,209204
2010,PWS,POT,0
2010,PWS,TRW,4008
2010,PWS,JIG,0
2010,PWS,TRL,0
2010,PWS,GNT,0
2010,PWS,UNK,0
2010,NSEI,HAL,1130815
2010,NSEI,POT,0
2010,NSEI,TRW,0
2010,NSEI,JIG,0
2010,NSEI,TRL,0
2010,NSEI,GNT,0
2010,NSEI,UNK,0
2010,SSEI,HAL,520379
2010,SSEI,POT,70184
2010,SSEI,TRW,0
2010,SSEI,JIG,0
2010,SSEI,TRL,0
2010,SSEI,GNT,0
2010,SSEI,UNK,0
2010,LOWCI,HAL,0
2010,LOWCI,POT,0
2010,LOWCI,TRW,0
2010,LOWCI,JIG,0
2010,LOWCI,TRL,0
2010,LOWCI,GNT,0
2010,LOWCI,UNK,0
2011,PWS,HAL,196738
2011,PWS,POT,24861
2011,PWS,TRW,2063
2011,PWS,JIG,0
2011,PWS,TRL,0
2011,PWS,GNT,0
2011,PWS,UNK,0
2011,NSEI,HAL,942115
2011,NSEI,POT,0
2011,NSEI,TRW,0
2011,NSEI,JIG,0
2011,NSEI,TRL,0
2011,NSEI,GNT,0
2011,NSEI,UNK,0
2011,SSEI,HAL,512320
2011,SSEI,POT,68861
2011,SSEI,TRW,0
2011,SSEI,JIG,0
2011,SSEI,TRL,0
2011,SSEI,GNT,0
2011,SSEI,UNK,0
2011,LOWCI,HAL,0
2011,LOWCI,POT,0
2011,LOWCI,TRW,0
2011,LOWCI,JIG,0
2011,LOWCI,TRL,0
2011,LOWCI,GNT,0
2011,LOWCI,UNK,0
2012,PWS,HAL,179903
2012,PWS,POT,23671
2012,PWS,TRW,1030
2012,PWS,JIG,0
2012,PWS,TRL,0
2012,PWS,GNT,0
2012,PWS,UNK,0
2012,NSEI,HAL,1061382
2012,NSEI,POT,0
2012,NSEI,TRW,0
2012,NSEI,JIG,0
2012,NSEI,TRL,0
2012,NSEI,GNT,0
2012,NSEI,UNK,0
2012,SSEI,HAL,486364
2012,SSEI,POT,76147
2012,SSEI,TRW,0
2012,SSEI,JIG,0
2012,SSEI,TRL,0
2012,SSEI,GNT,0
2012,SSEI,UNK,0
2012,LOWCI,HAL,0
2012,LOWCI,POT,0
2012,LOWCI,TRW,0
2012,LOWCI,JIG,0
2012,LOWCI,TRL,0
2012,LOWCI,GNT,0
2012,LOWCI,UNK,0
2013,PWS,HAL,147799
2013,PWS,POT,7559
2013,PWS,TRW,517
2013,PWS,JIG,0
2013,PWS,TRL,0
2013,PWS,GNT,0
2013,PWS,UNK,0
2013,NSEI,HAL,1038608
2013,NSEI,POT,0
2013,NSEI,TRW,0
2013,NSEI,JIG,0
2013,NSEI,TRL,0
2013,NSEI,GNT,0
2013,NSEI,UNK,0
2013,SSEI,HAL,459442
2013,SSEI,POT,76340
2013,SSEI,TRW,0
2013,SSEI,JIG,0
2013,SSEI,TRL,0
2013,SSEI,GNT,0
2013,SSEI,UNK,0
2013,LOWCI,HAL,0
2013,LOWCI,POT,0
2013,LOWCI,TRW,0
2013,LOWCI,JIG,0
2013,LOWCI,TRL,0
2013,LOWCI,GNT,0
2013,LOWCI,UNK,0
2014,PWS,HAL,95154
2014,PWS,POT,1430
2014,PWS,TRW,439
2014,PWS,JIG,0
2014,PWS,TRL,7
2014,PWS,GNT,0
2014,PWS,UNK,0
2014,NSEI,HAL,847377
2014,NSEI,POT,0
2014,NSEI,TRW,0
2014,NSEI,JIG,0
2014,NSEI,TRL,0
2014,NSEI,GNT,0
2014,NSEI,UNK,0
2014,SSEI,HAL,455080
2014,SSEI,POT,69365
2014,SSEI,TRW,0
2014,SSEI,JIG,0
2014,SSEI,TRL,0
2014,SSEI,GNT,0
2014,SSEI,UNK,0
2014,LOWCI,HAL,0
2014,LOWCI,POT,0
2014,LOWCI,TRW,0
2014,LOWCI,JIG,0
2014,LOWCI,TRL,0
2014,LOWCI,GNT,0
2014,LOWCI,UNK,0
2015,PWS,HAL,16019
2015,PWS,POT,0
2015,PWS,TRW,1031
2015,PWS,JIG,0
2015,PWS,TRL,0
2015,PWS,GNT,0
2015,PWS,UNK,0
2015,NSEI,HAL,845409
2015,NSEI,POT,0
2015,NSEI,TRW,0
2015,NSEI,JIG,0
2015,NSEI,TRL,0
2015,NSEI,GNT,0
2015,NSEI,UNK,0
2015,SSEI,HAL,467315
2015,SSEI,POT,70450
2015,SSEI,TRW,0
2015,SSEI,JIG,0
2015,SSEI,TRL,0
2015,SSEI,GNT,0
2015,SSEI,UNK,0
2015,LOWCI,HAL,0
2015,LOWCI,POT,0
2015,LOWCI,TRW,0
2015,LOWCI,JIG,0
2015,LOWCI,TRL,0
2015,LOWCI,GNT,0
2015,LOWCI,UNK,0
2016,PWS,HAL,38774
2016,PWS,POT,0
2016,PWS,TRW,1995
2016,PWS,JIG,0
2016,PWS,TRL,0
2016,PWS,GNT,0
2016,PWS,UNK,0
2016,NSEI,HAL,696849
2016,NSEI,POT,0
2016,NSEI,TRW,0
2016,NSEI,JIG,0
2016,NSEI,TRL,0
2016,NSEI,GNT,0
2016,NSEI,UNK,0
2016,SSEI,HAL,442350
2016,SSEI,POT,62686
2016,SSEI,TRW,0
2016,SSEI,JIG,0
2016,SSEI,TRL,0
2016,SSEI,GNT,0
2016,SSEI,UNK,0
2016,LOWCI,HAL,0
2016,LOWCI,POT,0
2016,LOWCI,TRW,0
2016,LOWCI,JIG,0
2016,LOWCI,TRL,0
2016,LOWCI,GNT,0
2016,LOWCI,UNK,0
